"date","company","position","location","description"
2025-10-01,"SynthTech","prompt engineer","London","Ideal job description focusing on AI, LLMs, and automation."
2025-10-02,"DataCore AI","ml engineer","San Francisco","Ideal job description focusing on AI, LLMs, and automation."
2025-10-03,"Innovate Solutions","ai engineer","New York","Ideal job description focusing on AI, LLMs, and automation."
2025-10-04,"QuantumLeap","ai researcher","London","Ideal job description focusing on AI, LLMs, and automation."
2025-10-05,"QuantumLeap","data scientist - generative ai","Remote","Ideal job description focusing on AI, LLMs, and automation."
2025-10-06,"Samsara","data scientist - generative ai","Austin","Ideal job description focusing on AI, LLMs, and automation."
2025-10-07,"DataCore AI","data scientist - generative ai","London","Ideal job description focusing on AI, LLMs, and automation."
2025-10-08,"Innovate Solutions","ai product manager","San Francisco","Ideal job description focusing on AI, LLMs, and automation."
2025-10-09,"FutureWorks","prompt engineer","Austin","Ideal job description focusing on AI, LLMs, and automation."
2025-10-10,"Innovate Solutions","software engineer - ai","Austin","Ideal job description focusing on AI, LLMs, and automation."
2025-10-11,"QuantumLeap","software engineer - ai","San Francisco","Ideal job description focusing on AI, LLMs, and automation."
2025-10-12,"Innovate Solutions","ai ethicist","San Francisco","Ideal job description focusing on AI, LLMs, and automation."
2025-10-13,"DataCore AI","ai product manager","San Francisco","Ideal job description focusing on AI, LLMs, and automation."
2025-10-14,"CoreWeave","ai product manager","New York","Ideal job description focusing on AI, LLMs, and automation."
2025-10-15,"Innovate Solutions","software engineer - ai","San Francisco","Ideal job description focusing on AI, LLMs, and automation."
2025-10-16,"CoreWeave","software engineer - ai","London","Ideal job description focusing on AI, LLMs, and automation."
2025-10-17,"SynthTech","ai engineer","Austin","Ideal job description focusing on AI, LLMs, and automation."
2025-10-18,"DataCore AI","ai engineer","Remote","Ideal job description focusing on AI, LLMs, and automation."
2025-10-19,"CoreWeave","ml engineer","Austin","Ideal job description focusing on AI, LLMs, and automation."
2025-10-20,"DataCore AI","ml engineer","New York","Ideal job description focusing on AI, LLMs, and automation."
2025-10-21,"AI Horizons","ai engineer","Austin","Ideal job description focusing on AI, LLMs, and automation."
2025-10-22,"SynthTech","full stack developer (ai)","Remote","Ideal job description focusing on AI, LLMs, and automation."
2025-10-23,"Nexus AI","ml engineer","New York","Ideal job description focusing on AI, LLMs, and automation."
2025-10-24,"Innovate Solutions","data scientist - generative ai","San Francisco","Ideal job description focusing on AI, LLMs, and automation."
2025-10-25,"DataCore AI","ml engineer","London","Ideal job description focusing on AI, LLMs, and automation."
2025-10-26,"SynthTech","software engineer - ai","Austin","Ideal job description focusing on AI, LLMs, and automation."
2025-10-27,"Innovate Solutions","data scientist - generative ai","London","Ideal job description focusing on AI, LLMs, and automation."
2025-10-28,"DataCore AI","software engineer - ai","Remote","Ideal job description focusing on AI, LLMs, and automation."
2025-10-29,"CoreWeave","ai engineer","Austin","Ideal job description focusing on AI, LLMs, and automation."
2025-10-30,"QuantumLeap","data scientist - generative ai","Austin","Ideal job description focusing on AI, LLMs, and automation."
2025-10-31,"FutureWorks","data scientist - generative ai","London","Ideal job description focusing on AI, LLMs, and automation."
2025-11-01,"AI Horizons","full stack developer (ai)","San Francisco","Ideal job description focusing on AI, LLMs, and automation."
2025-11-02,"Innovate Solutions","full stack developer (ai)","Austin","Ideal job description focusing on AI, LLMs, and automation."
2025-11-03,"DataCore AI","ml engineer","London","Ideal job description focusing on AI, LLMs, and automation."
2025-11-04,"SynthTech","prompt engineer","Remote","Ideal job description focusing on AI, LLMs, and automation."
2025-11-05,"Nexus AI","data scientist - generative ai","Remote","Ideal job description focusing on AI, LLMs, and automation."
2025-11-06,"DataCore AI","prompt engineer","London","Ideal job description focusing on AI, LLMs, and automation."
2025-11-07,"Innovate Solutions","ml engineer","Remote","Ideal job description focusing on AI, LLMs, and automation."
2025-11-08,"QuantumLeap","software engineer - ai","Austin","Ideal job description focusing on AI, LLMs, and automation."
2025-11-09,"Innovate Solutions","ml engineer","London","Ideal job description focusing on AI, LLMs, and automation."
2025-11-10,"DataCore AI","prompt engineer","Remote","Ideal job description focusing on AI, LLMs, and automation."
2025-11-11,"LogicAI","full stack developer (ai)","Austin","Ideal job description focusing on AI, LLMs, and automation."
2025-11-12,"Samsara","ai product manager","New York","Ideal job description focusing on AI, LLMs, and automation."
2025-11-13,"QuantumLeap","prompt engineer","London","Ideal job description focusing on AI, LLMs, and automation."
2025-11-14,"DataCore AI","data scientist - generative ai","New York","Ideal job description focusing on AI, LLMs, and automation."
2025-11-15,"Innovate Solutions","software engineer - ai","Austin","Ideal job description focusing on AI, LLMs, and automation."
2025-11-16,"QuantumLeap","ml engineer","London","Ideal job description focusing on AI, LLMs, and automation."
2025-11-17,"Samsara","software engineer - ai","London","Ideal job description focusing on AI, LLMs, and automation."
2025-11-18,"Nexus AI","ai engineer","Remote","Ideal job description focusing on AI, LLMs, and automation."
2025-11-19,"SynthTech","ai engineer","London","Ideal job description focusing on AI, LLMs, and automation."
2025-11-20,"AI Horizons","data scientist - generative ai","San Francisco","Ideal job description focusing on AI, LLMs, and automation."
2025-11-21,"Innovate Solutions","ai engineer","Austin","Ideal job description focusing on AI, LLMs, and automation."
2025-11-22,"Innovate Solutions","ai engineer","Austin","Ideal job description focusing on AI, LLMs, and automation."
2025-11-23,"SynthTech","ai ethicist","New York","Ideal job description focusing on AI, LLMs, and automation."
2025-11-24,"Nexus AI","ml engineer","Remote","Ideal job description focusing on AI, LLMs, and automation."
2025-11-25,"AI Horizons","ai engineer","New York","Ideal job description focusing on AI, LLMs, and automation."
2025-11-26,"CoreWeave","ai researcher","Austin","Ideal job description focusing on AI, LLMs, and automation."
2025-11-27,"CoreWeave","software engineer - ai","New York","Ideal job description focusing on AI, LLMs, and automation."
2025-11-28,"DataCore AI","software engineer - ai","San Francisco","Ideal job description focusing on AI, LLMs, and automation."
2025-11-29,"DataCore AI","full stack developer (ai)","London","Ideal job description focusing on AI, LLMs, and automation."
2025-11-30,"QuantumLeap","ml engineer","Remote","Ideal job description focusing on AI, LLMs, and automation."
2025-12-01,"Innovate Solutions","data scientist - generative ai","San Francisco","Ideal job description focusing on AI, LLMs, and automation."
2025-12-02,"QuantumLeap","data scientist - generative ai","San Francisco","Ideal job description focusing on AI, LLMs, and automation."
2025-12-03,"CoreWeave","data scientist - generative ai","New York","Ideal job description focusing on AI, LLMs, and automation."
2025-12-04,"DataCore AI","data scientist - generative ai","Remote","Ideal job description focusing on AI, LLMs, and automation."
2025-12-05,"Nexus AI","software engineer - ai","Remote","Ideal job description focusing on AI, LLMs, and automation."
2025-12-06,"Nexus AI","ml engineer","London","Ideal job description focusing on AI, LLMs, and automation."
2025-12-07,"FutureWorks","ai engineer","San Francisco","Ideal job description focusing on AI, LLMs, and automation."
2025-12-08,"QuantumLeap","ai researcher","Austin","Ideal job description focusing on AI, LLMs, and automation."
2025-12-09,"DataCore AI","ml engineer","San Francisco","Ideal job description focusing on AI, LLMs, and automation."
2025-12-10,"LogicAI","ai product manager","Remote","Ideal job description focusing on AI, LLMs, and automation."
2025-12-11,"QuantumLeap","data scientist - generative ai","New York","Ideal job description focusing on AI, LLMs, and automation."
2025-12-12,"CoreWeave","ml engineer","London","Ideal job description focusing on AI, LLMs, and automation."
2025-12-13,"Innovate Solutions","prompt engineer","Remote","Ideal job description focusing on AI, LLMs, and automation."
2025-12-14,"Innovate Solutions","ml engineer","Remote","Ideal job description focusing on AI, LLMs, and automation."
2025-12-15,"SynthTech","full stack developer (ai)","New York","Ideal job description focusing on AI, LLMs, and automation."
2025-12-16,"Samsara","prompt engineer","Austin","Ideal job description focusing on AI, LLMs, and automation."
2025-12-17,"CoreWeave","data scientist - generative ai","San Francisco","Ideal job description focusing on AI, LLMs, and automation."
2025-12-18,"DataCore AI","software engineer - ai","London","Ideal job description focusing on AI, LLMs, and automation."
2025-12-19,"SynthTech","prompt engineer","London","Ideal job description focusing on AI, LLMs, and automation."
2025-12-20,"DataCore AI","full stack developer (ai)","London","Ideal job description focusing on AI, LLMs, and automation."
2025-12-21,"QuantumLeap","ai engineer","Austin","Ideal job description focusing on AI, LLMs, and automation."
2025-12-22,"Innovate Solutions","llm operations","Remote","Ideal job description focusing on AI, LLMs, and automation."
2025-12-23,"SynthTech","software engineer - ai","Austin","Ideal job description focusing on AI, LLMs, and automation."
2025-12-24,"CoreWeave","prompt engineer","Remote","Ideal job description focusing on AI, LLMs, and automation."
2025-12-25,"Nexus AI","ai engineer","New York","Ideal job description focusing on AI, LLMs, and automation."
2025-12-26,"LogicAI","prompt engineer","Remote","Ideal job description focusing on AI, LLMs, and automation."
2025-12-27,"Innovate Solutions","data scientist - generative ai","San Francisco","Ideal job description focusing on AI, LLMs, and automation."
2025-12-28,"SynthTech","full stack developer (ai)","London","Ideal job description focusing on AI, LLMs, and automation."
2025-12-29,"CoreWeave","ai researcher","Remote","Ideal job description focusing on AI, LLMs, and automation."
2025-12-30,"Nexus AI","ai engineer","San Francisco","Ideal job description focusing on AI, LLMs, and automation."
2025-12-31,"QuantumLeap","ai ethicist","London","Ideal job description focusing on AI, LLMs, and automation."
2026-01-01,"QuantumLeap","ai engineer","Austin","Ideal job description focusing on AI, LLMs, and automation."
2026-01-02,"DataCore AI","ai product manager","San Francisco","Ideal job description focusing on AI, LLMs, and automation."
2026-01-03,"Innovate Solutions","prompt engineer","San Francisco","Ideal job description focusing on AI, LLMs, and automation."
2026-01-04,"QuantumLeap","prompt engineer","New York","Ideal job description focusing on AI, LLMs, and automation."
2026-01-05,"Samsara","prompt engineer","Austin","Ideal job description focusing on AI, LLMs, and automation."
2026-01-06,"LogicAI","full stack developer (ai)","San Francisco","Ideal job description focusing on AI, LLMs, and automation."
2026-01-07,"CoreWeave","software engineer - ai","New York","Ideal job description focusing on AI, LLMs, and automation."
2026-01-08,"QuantumLeap","ml engineer","New York","Ideal job description focusing on AI, LLMs, and automation."
2026-01-09,"LogicAI","llm operations","San Francisco","Ideal job description focusing on AI, LLMs, and automation."
2026-01-10,"Innovate Solutions","software engineer - ai","Remote","Ideal job description focusing on AI, LLMs, and automation."
2026-01-11,"CoreWeave","ai engineer","San Francisco","Ideal job description focusing on AI, LLMs, and automation."
2026-01-12,"Innovate Solutions","ai engineer","Remote","Ideal job description focusing on AI, LLMs, and automation."
2026-01-13,"FutureWorks","ml engineer","London","Ideal job description focusing on AI, LLMs, and automation."
2026-01-14,"DataCore AI","prompt engineer","London","Ideal job description focusing on AI, LLMs, and automation."
2026-01-15,"SynthTech","ai researcher","London","Ideal job description focusing on AI, LLMs, and automation."
2026-01-16,"AI Horizons","ai researcher","Remote","Ideal job description focusing on AI, LLMs, and automation."
2026-01-17,"AI Horizons","full stack developer (ai)","Remote","Ideal job description focusing on AI, LLMs, and automation."
2026-01-18,"Innovate Solutions","ml engineer","London","Ideal job description focusing on AI, LLMs, and automation."
2026-01-19,"Nexus AI","ai engineer","New York","Ideal job description focusing on AI, LLMs, and automation."
2026-01-20,"QuantumLeap","prompt engineer","New York","Ideal job description focusing on AI, LLMs, and automation."
2026-01-21,"SynthTech","ai engineer","London","Ideal job description focusing on AI, LLMs, and automation."
2026-01-22,"CoreWeave","prompt engineer","New York","Ideal job description focusing on AI, LLMs, and automation."
2026-01-23,"QuantumLeap","ai engineer","San Francisco","Ideal job description focusing on AI, LLMs, and automation."
2026-01-24,"DataCore AI","ai engineer","Remote","Ideal job description focusing on AI, LLMs, and automation."
2026-01-25,"Innovate Solutions","ai engineer","New York","Ideal job description focusing on AI, LLMs, and automation."
